game_id;title;cycle;release_date;depiction ;vote_average;vote_count;country;producer;genres
1;Until Dawn;;25.08.2015;Until Dawn to trójwymiarowa gra przygodowa zrealizowana w konwencji horroru. Gracze rozpoczynaj¹cy rozgrywkê nie powinni oczekiwaæ psychologicznego horroru, stopniowo buduj¹cego napiêcie dziêki odpowiedniemu klimatowi. Fabu³a Until Dawn czerpie bowiem wzory z typowych hollywoodzkich filmów grozy klasy B. G³ównymi bohaterami tytu³u s¹ nastolatkowie, przebywaj¹cy w odciêtym od œwiata miejscu w górach. Zebrali siê oni w rocznicê tajemniczego zaginiêcia ich przyjació³ki z klasy, by raz na zawsze zapomnieæ o tej ci¹¿¹cej nad nimi sprawie. Sielanka doœæ szybko zmienia siê w koszmar i osiem osób musi teraz walczyæ o ¿ycie.;7.8;2538;Wielka Brytania;Supermassive Games;survival horror, interactive film, przygodowa, akcja
2;Resident Evil VII: Biohazard;Resident Evil;24.01.2017;"Tym razem wcielamy siê w zwyk³ego, szarego cz³owieka imieniem Ethan, który w poszukiwaniu zaginionej ¿ony udaje siê do ponurej i pozornie porzuconej rezydencji, zlokalizowanej na po³udniu Stanów Zjednoczonych. Podczas zabawy eksplorujemy lokacje i walczymy z przeciwnikami; okazjonalnie musimy tak¿e zmierzyæ siê z zagadkami logicznymi. Poszczególne miejscówki nale¿y dok³adnie przeszukiwaæ, gdy¿ czêsto nagradzane jest to cennymi przedmiotami. W po³¹czeniu z wysokim poziomem trudnoœci powoduje to, ¿e gracz przemierza mapy bardzo ostro¿nie, poœpieszne zwiedzanie etapów grozi niespodziewan¹ œmierci¹ lub przegapieniem czegoœ wa¿nego. Natomiast ³amig³ówki w wiêkszoœci polegaj¹ na manipulowaniu ró¿nymi mechanizmami i pozwalaj¹ na chwilê zaczerpn¹æ tchu pomiêdzy kolejnymi zdarzeniami rodem z najgorszych koszmarów.";8.3;2670;Japonia;Capcom;survival horror, przygodowa, akcja, strzelanka
3;The Last of Us;The Last of Us;14.06.2013;Akcja TLoU ma miejsce w 2033 roku, dwadzieœcia lat po upadku cywilizacji. Ludzkoœæ zosta³a zdziesi¹tkowana przez pandemiê grzyba kordycepsa. Zazwyczaj poluj¹cy wy³¹cznie na owady grzyb zmutowa³ i zacz¹³ atakowaæ ludzi, wywo³uj¹c zaraŸliw¹ i nieuleczaln¹ chorobê mózgu. Zaka¿eni powoli zmieniaj¹ siê w agresywne, krwio¿ercze bestie, ¿yj¹ce tylko w celu rozprzestrzeniania infekcji. Wiêkszoœæ populacji Ziemi zginê³a lub zosta³a zara¿ona w pierwszych miesi¹cach pandemii. Wskutek upadku rz¹du kontrolê nad USA przejê³o wojsko, bezlitoœnie traktuj¹ce wszelkie próby oporu. G³ównym bohaterem gry jest Joel, ponad piêædziesiêcioletni, zmêczony ¿yciem przemytnik. Podczas wybuchu pandemii prze¿y³ on osobist¹ tragediê, która zmieni³a go na zawsze. Protagonista zostaje wynajêty przez Œwietliki do wa¿nego zadania. Rebelianci chc¹, aby Joel odeskortowa³ na drugi koniec kraju osierocon¹ nastolatkê Ellie. Szybko okazuje siê, ¿e dziewczyna jest odporna na zarodniki kordycepsa. Joel i Ellie wyruszaj¹ w d³ug¹ podró¿ przez postapokaliptyczne USA.;8.6;11243;USA;Naughty Dog;postapokalipsa, skradanka, strzelanka, przygodowa, fabularna, dramat, survival horror
4;Detroit: Become Human;;25.05.2018;G³ówn¹ atrakcj¹ Detroit: Become Human jest fabu³a, opowiedziana z perspektywy trzech bohaterów-androidów. Akcja produkcji rozgrywa siê w niedalekiej przysz³oœci na terenie tytu³owego miasta Detroit. W uniwersum gry maszyny wygl¹daj¹ce i zachowuj¹ce siê jak ludzie s¹ powszechnie spotykane, co stwarza powa¿ne problemy spo³eczne, jak wysokie bezrobocie czy zapotrzebowanie na nowe zasoby. Protagonistami s¹ Kara i Markus, roboty wykorzystywane do pomocy w domu i zajmowania siê jego mieszkañcami, oraz Connor, prototypowy android, u¿ywany przez policjê w trakcie dochodzeñ, przes³uchañ oraz negocjacji. Poprzez ich przeplataj¹ce siê wzajemnie historie gracz obserwuje i uczestniczy w pojawieniu siê maszyn, które przez defekt w oprogramowaniu zaczê³y siê buntowaæ, uciekaæ od swoich w³aœcicieli i w koñcu odczuwaæ ludzkie emocje.;7.1;2580;Francja;Quantic Dream;przygodowa, akcja, interactive film
5;Outlast;Outlast;04.09.2013;Akcja toczy w Stanach Zjednoczonych. Fabu³a opowiada o losach zak³adu dla ob³¹kanych, zlokalizowanego w stanie Kolorado. Przez d³ugie lata budynek ten sta³ opuszczony, ale niedawno wykupi³a go korporacja Murkoff, która otworzy³a w tym miejscu oœrodek badawczy. W Outlast wcielamy siê w dziennikarza o imieniu Miles Upshur, który dostaje cynk, ¿e w zak³adzie dziej¹ siê dziwne rzeczy. Chc¹c odkryæ prawdê, w³amuje siê on do oœrodka i szybko odkrywa, ¿e na miejscu przeprowadzane s¹ nie tylko zakazane eksperymenty medyczne, ale równie¿ bluŸniercze rytua³y. Bez ¿adnej broni, wyposa¿ony wy³¹cznie w kamerê i kilka zapasowych baterii, Miles wkracza do budynku, który wita go krwawymi scenami niedawnej masakry. Ktoœ – lub coœ – zabija pensjonariuszy i personel oœrodka, a jedyni ¿yj¹cy œwiadkowie tych przera¿aj¹cych zbrodni s¹ zbyt mocno zaburzeni, by s³u¿yæ jak¹kolwiek pomoc¹.;8.6;2909;Kanada;Red Barrels;survival horror, przygodowa, akcja, skradanka, gore
6;Outlast: Whistleblower;Outlast;06.05.2014;Akcja toczy siê ponownie w znanym nam ju¿ szpitalu psychiatrycznym Mount Massive. Tym razem wcielimy siê jednak w jednego z pracowników zak³adu, którego anonimowy donos sprowadzi³ w to miejsce bohatera Outlast, Milesa Upshura. Z pozoru normalnie funkcjonuj¹ca placówka kryje w sobie ponur¹ tajemnicê, a pracuj¹cy w szpitalu lekarze potajemnie przeprowadzaj¹ tu odra¿aj¹ce doœwiadczenia na ludziach. Prawda wychodzi jednak na jaw, prowadz¹c do buntu pacjentów, wskutek którego wiêkszoœæ pracowników szpitala zostaje brutalnie wymordowana. Nam udaje siê prze¿yæ, aby w toku dalszej gry odkryæ szereg pilnie skrywanych faktów, dotycz¹cych korporacji Murkoff. Stoi ona bowiem za wspomnianymi eksperymentami, które zmieni³y Mount Massive w przys³owiowe piek³o na ziemi.;6.7;722;Kanada;Red Barrels;survival horror, przygodowa, akcja, gore
7;Outlast 2;Outlast;24.04.2017;"Outlast 2 rozgrywa siê na terenie regionu Supai, po³o¿onego w pobli¿u Wielkiego Kanionu Kolorado w stanie Arizona. G³ównym bohaterem gry jest Blake Langermann – dziennikarz i kamerzysta, który zmierza do tego miejsca w towarzystwie ¿ony – Lynn – celem rozwik³ania zagadki tajemniczej œmierci anonimowej kobiety; nie wiadomo, czy pad³a ofiar¹ morderstwa, czy te¿ z nieznanych przyczyn postanowi³a pope³niæ samobójstwo. Zawi¹zanie akcji nastêpuje w momencie, kiedy helikopter, na którego pok³adzie podró¿owa³o ma³¿eñstwo, ulega katastrofie, a Blake i jego druga po³ówka zostaj¹ rozdzieleni. Szybko wychodzi na jaw, ¿e znajduj¹c¹ siê nieopodal wioskê zamieszkuj¹ agresywni kultyœci, którzy wierz¹ w zbli¿aj¹cy siê wielkimi krokami koniec œwiata. Od tej pory zadaniem bohatera jest odnalezienie Lynn i ucieczka z tego ponurego miejsca. ";7.5;858;Kanada;Red Barrels;survival horror, przygodowa, akcja, gore
8;Silent Hill: Homecoming;Silent Hill;30.09.2008;Bohaterem pi¹tej czêœci Silent Hill jest Alex Shepherd. Mê¿czyzna ten jest weteranem wojennym. Alex powraca po d³u¿szej nieobecnoœci w rodzinne strony w celu rozwik³ania tajemniczego znikniêcia swojego brata – Joshuy. G³ówny bohater w trakcie rozgrywki odwiedza dwa ró¿ne miasteczka – pojawiaj¹ce siê po raz pierwszy Shepherd’s Glen oraz tytu³owe Silent Hill. ;8.1;1764;Japonia;Konami;survival horror, przygodowa, bijatyka, strzelanka
9;Silent Hill: Downpour;Silent Hill;13.03.2012;Fabu³a przybli¿a nam losy niejakiego Murphy’ego Pendletona, który wskutek wypadku policyjnego konwoju wydostaje siê na wolnoœæ. Traf chce, ¿e miejscem, w którym naszemu bohaterowi przychodzi siê schroniæ jest owiane ponur¹ s³aw¹ miasteczko Silent Hill. Ju¿ niebawem Murphy bêdzie mia³ okazjê przekonaæ siê, ¿e potwory rodem z najgorszych koszmarów wci¹¿ s¹ tam obecne. Prócz przera¿aj¹cych istot nie z tego œwiata miasteczko kryje równie¿ szereg intryg i zagadek, które próbujemy rozwik³aæ w toku rozgrywki. Czêœæ zadañ wpleciona jest w g³ówny w¹tek fabularny, inne – maj¹ce potêgowaæ niepokój i atmosferê niepewnoœci – sk³adaj¹ siê na misje poboczne. Przemierzaj¹c mroczne lokacje Silent Hill regularnie zmuszeni jesteœmy wspomagaæ siê latark¹. Jako Pendleton czêstokroæ stajemy te¿ oko w oko z przeciwnikami o znacznie potê¿niejszych sylwetkach. Mo¿emy broniæ siê przed nimi tym, co wpadnie nam akurat pod rêkê – krzes³ami, butelkami itp., ewentualnie zrezygnowaæ z bezpoœredniego starcia i spróbowaæ ucieczki;7.7;427;Japonia;Konami;survival horror, przygodowa, bijatyka, strzelanka
10;Silent Hill 4: The Room;Silent Hill;07.09.2004;Grê rozpoczyna krótka sekwencja, w której gracz bada pokryte krwi¹ i rdz¹ nawiedzone mieszkanie. W pewnym momencie na jednej ze œcian salonu zaczyna materializowaæ siê upiór – unosz¹ce siê w powietrzu jêcz¹ce cia³o, które upada w spazmach na pod³ogê w pobli¿u g³ównego bohatera. Nied³ugo potem graj¹cemu przedstawiony zostaje protagonista – Henry Townshend – który w³aœnie wybudzi³ siê z koszmaru. Mê¿czyzna otrzymuje tajemniczy telefon. Wiadomoœæ sk³ada siê z dwóch s³ów: „Pomó¿… mi”. Henry orientuje siê, ¿e kabel od telefonu jest odciêty. Podczas eksploracji reszty mieszkania gracz dowiaduje siê, ¿e bohater od piêciu dni jest uwiêziony we w³asnym mieszkaniu – drzwi od wewn¹trz zablokowane s¹ ³añcuchami, a po kluczach do k³ódek ani œladu. Ponadto w jego ³azience pojawia siê wielka, okr¹g³a dziura. Henry decyduje siê zbadaæ to tajemne przejœcie, które przenosi go do innej lokacji – po³o¿onego nieopodal metra, gdzie spotyka pewn¹ kobietê przekonan¹, ¿e oboje w³aœnie przebywaj¹ w jej œnie.;7.8;1613;Japonia;Konami;survival horror, przygodowa, bijatyka, strzelanka
11;Silent Hill 3;Silent Hill;23.05.2003;Grê rozpoczyna krótka scena z wprowadzon¹ w ruch karuzel¹ oraz zbli¿eniami na mechanicznego konia, trzepi¹cego w konwulsjach zakrwawionym ³bem i wydaj¹cego potworne dŸwiêki. W kolejnej scenie oczom gracza ukazuje siê okryty rdz¹ i usiany trupami Lakeside Amusement Park. M³oda dziewczyna – siedemnastoletnia Heather Mason – wkracza na teren obcej jej placówki. W rêce trzyma nó¿. Przeszukuj¹c uwa¿nie teren, natrafia po chwili na grupê demonicznych istot, które natychmiast zaczynaj¹ j¹ atakowaæ. Dziewczyna ucieka, chroni¹c siê za odgrodzonym terenem jednej z atrakcji Weso³ego Miasteczka. Wskakuje na tory kolejki i zaczyna iœæ po nich w bli¿ej nieokreœlonym kierunku, nied³ugo póŸniej zostaje jednak potr¹cona przez nadje¿d¿aj¹cy wagonik i upada w ciemn¹ otch³añ. Heather budzi siê w barze Happy Burger na terenie galerii handlowej. Œcigaj¹ce j¹ potworne kreatury okaza³y siê jedynie koszmarem. Jednak czy na pewno…? ;8.4;1961;Japonia;Konami;survival horror, przygodowa, akcja
12;Silent Hill 2 (2001);Silent Hill;28.09.2001;Akcja rozpoczyna siê na tarasie widokowym, przy którym g³ówny bohater – James Sunderland – zaparkowa³ swój samochód. Mê¿czyzna przygl¹da siê swemu odbiciu w lustrze, intensywnie nad czymœ rozmyœlaj¹c. Po chwili wzdycha ciê¿ko i odchodzi. Spogl¹daj¹c na osnute mg³¹ Toluca Lake, wspomina list, który niedawno otrzyma³ od swej ¿ony Mary. Wed³ug zapisanych w nim s³ów kobieta przebywa obecnie w Silent Hill, oczekuj¹c jego przybycia w ich „specjalnym miejscu”. Protagonista nie jest pewien, jak traktowaæ tê informacjê, jako ¿e jego ukochana zmar³a trzy lata temu... mimo to decyduje siê wyruszyæ do miasteczka i j¹ odszukaæ.;8.8;3309;Japonia;Konami;survival horror, przygodowa, akcja
13;Silent Hill: Shattered Memories;Silent Hill;08.12.2008;Ponownie wcielamy siê w Harry’ego Masona szukaj¹cego swojej córki, która zniknê³a w niewyjaœnionych okolicznoœciach podczas wypadku samochodowego. W odró¿nieniu od pierwotnej wersji Silent Hilla wypadek rozgrywa siê jednak bezpoœrednio na ulicach tytu³owego miasteczka. Na pocz¹tku przygody nie pojawia siê tak¿e znana z pierwowzoru policjantka Sybil. Tego typu pomniejszych zmian, zauwa¿alnych przede wszystkim dla zagorza³ych fanów serii, jest w nowej ods³onie mnóstwo. Podczas zabawy przemierzamy opustosza³e ulice tajemniczego miasta i zwiedzamy rozmaite pomieszczenia, napotykaj¹c wiele przera¿aj¹cych istot oraz postaci pobocznych. Czêsto rozwi¹zujemy te¿ mniej lub bardziej skomplikowane ³amig³ówki oraz zagadki. Twórcy przygotowali wiele ciekawych rozwi¹zañ. Przede wszystkim, gra ca³y czas œledzi i analizuje nasze preferencje oraz dzia³ania (przyk³adowo musimy rozwi¹zaæ prosty test osobowoœciowy). Na ich podstawie dobierane s¹ pewne sceny, które ogl¹damy w przysz³oœci. Od decyzji gracza zale¿y wiêc niejako struktura ca³ej fabu³y.;8.7;444;Japonia;Konami;survival horror, przygodowa, akcja
14;Resident Evil Vilage;Resident Evil;07.08.2021;Ethan i jego ¿ona Mia zamieszkali w Rumunii, w miejscu znajduj¹cym siê pod œcis³¹ obserwacj¹ BSAA. Niedawno na œwiecie pojawi³a siê ich córeczka – Rosemary. Para stara siê wieœæ spokojne ¿ycie, jednak prze¿yty w Luizjanie koszmar wci¹¿ nad ni¹ ci¹¿y.;8.3;1193;Japonia;Capcom;survival horror, strzelanka, akcja
15;Resident Evil 2;Resident Evil;25.01.2019;Fabu³a Resident Evil 2 Remake w znacznej mierze pokrywa siê z fabu³¹ pierwowzoru i rozgrywa siê kilka miesiêcy po wydarzeniach, jakie mia³y miejsce w pierwszej ods³onie serii. Epidemia zombie sprawia, ¿e mieszkañcy Raccoon City zaczynaj¹ zmieniaæ siê w krwio¿ercze potwory. W tym samym czasie do miasta przybywa pocz¹tkuj¹cy policjant Leon S. Kennedy oraz m³oda Claire Redfield, która próbuje odnaleŸæ swego brata zaginionego w tym niebezpiecznym miejscu. Tu¿ po tym, jak nasi bohaterowie wspólnie stawiaj¹ czo³a pierwszej fali zombie, na skutek zbiegu okolicznoœci zostaj¹ rozdzieleni, a dalsze wydarzenia obserwujemy z perspektywy wybranego z nich. W zale¿noœci od podjêtej decyzji, fabu³a gry rozwija siê w nieco inny sposób, choæ wszystkie wydarzenia i napotykane po drodze postaci maj¹ œcis³y zwi¹zek z sytuacj¹ w mieœcie. ;8.1;1988;Japonia;Capcom;survival horror, strzelanka, akcja, bijatyka
16;Resident Evil 3;Resident Evil;03.04.2020;Akcja gry Resident Evil 3 rozpoczyna siê w przeddzieñ wydarzeñ maj¹cych miejsce w grze Resident Evil 2, a co za tym idzie – kilka miesiêcy po zakoñczeniu pierwszej czêœci serii. G³ówn¹ bohaterk¹ gry jest Jill Valentine, czyli by³a oficer elitarnego oddzia³u S.T.A.R.S. Protagonistka znalaz³a siê w samym œrodku apokalipsy zombie, wywo³anej w mieœcie Raccoon City przez wirusa T wyprodukowanego w laboratoriach z³owrogiej korporacji Umbrella. Wirus zosta³ uwolniony i zarazi³ niemal wszystkich mieszkañców. Dziewczyna musi mieæ siê na bacznoœci, gdy¿ oprócz hord ¿ywych trupów, jej œladem pod¹¿a przera¿aj¹cy mutant zwany Nemesis, czyli nowa wersja tak zwanej Broni Bioorganicznej (ang. Bio Organic Weapon), w drugiej czêœci serii reprezentowanej przez potê¿nego Tyranta. Na szczêœcie Jill nie jest skazana na samotn¹ przeprawê i mo¿e liczyæ na pomoc najemnika Carlosa Oliveiry, bêd¹cego drug¹ grywaln¹ postaci¹ w opisywanym tytule.;8.5;1199;Japonia;Capcom;survival horror, strzelanka, akcja, bijatyka, przygodowa
17;The Medium;;28.01.2021;Akcja The Medium rozgrywa siê w latach 90. w Krakowie w opuszczonym hotelu Niwa, wzorowanym na rzeczywiœcie istniej¹cym dawnym hotelu Cracovia. G³ówn¹ bohaterk¹ jest Marianne – tytu³owe medium. Bohaterka doœwiadcza wizji ukazuj¹cych jej œmieræ niewinnego dziecka i postanawia rozwi¹zaæ tê tajemnicê.;8.5;1114;Polska;Bloober Team;horror, przygodowa, logiczna
18;The Last of Us: Part II;The Last of Us;19.06.2020;Tytu³ przenosi nas do zniszczonego przez zabójcz¹ epidemiê, postapokaliptycznego œwiata, w którym przetrwanie wymaga wielu poœwiêceñ. Tym razem gra posiada dwie g³ówne bohaterki – Ellie, czyli dziewczynê, która wspiera³a gracza w The Last of Us oraz Abby, now¹ postaæ z frakcji WLF. Motywem przewodnim opowieœci jest pytanie „jak daleko posun¹³byœ siê, by wymierzyæ sprawiedliwoœæ ludziom krzywdz¹cym tych, których kochasz?”.;9.1;5079;USA;Naughty Dog;postapokalipsa, skradanka, strzelanka, przygodowa, fabularna, dramat, survival horror
19;Call of Duty: WWII;Call of Duty;03.11.2017;Akcja Call of Duty: WWII zosta³a osadzona w czasach II wojny œwiatowej. W trakcie fabularnej kampanii gracze mog¹ przeœledziæ losy niewielkiego oddzia³u wchodz¹cego w sk³ad s³ynnej 1 Dywizji Piechoty (ang. Big Red One, czyli Wielka Czerwona Jedynka), w którym s³u¿y „Red” Daniels – m³ody ¿o³nierz z Teksasu. Scenarzyœci k³ad¹ nacisk nie tylko na ukazanie jego relacji z poszczególnymi cz³onkami zespo³u, lecz tak¿e na zaprezentowanie wspó³pracy z innymi ugrupowaniami walcz¹cymi z niemieckimi agresorami. Zgodnie z has³em, ¿e na wojnie nikt nie walczy sam, w toku przygody przychodzi nam wspomagaæ francuski ruch oporu oraz po³¹czyæ si³y z brytyjskimi ¿o³nierzami si³ specjalnych. Na przestrzeni szeregu misji produkcja pozwala graczom wzi¹æ udzia³ nie tylko w kluczowych bitwach zachodniego frontu konfliktu, na czele z l¹dowaniem w Normandii, wyzwoleniem Pary¿a i ofensyw¹ w Ardenach, ale i dotrzeæ do niemieckiego obozu koncentracyjnego.;7.2;1927;USA;Sledgehammer Games;strzelanka, akcja
20;Wolfenstein: The New Order;Wolfenstein;20.05.2014;W nowej ods³onie Wolfensteina wcielamy siê ponownie B.J. Blazkowicza, amerykañskiego bohatera wojennego. Historia gry rozpoczyna siê jeszcze podczas II wojny œwiatowej, ale szybko przenosi siê do lat szeœædziesi¹tych dwudziestego wieku. W tej alternatywnej wersji rzeczywistoœci naziœci wygrali II wojnê œwiatow¹ za pomoc¹ Wunderwaffe (niem. cudowna broñ) i przejêli kontrolê nad ca³¹ Ziemi¹, wprowadzaj¹c tytu³owy nowy porz¹dek. Blazkowicz ponownie chwyta za broñ, by zmierzyæ siê ze swoimi odwiecznymi przeciwnikami.;8.9;5510;Szwecja;MachineGames;strzelanka, przygodowa, akcja
21;Wolfenstein II: The New Colossus;Wolfenstein;27.10.2017;Akcja Wolfenstein II: The New Colossus rozpoczyna siê w 1961 roku, bezpoœrednio po wydarzeniach przedstawionych w poprzedniej czêœci serii, nosz¹cej podtytu³ The New Order. Wybudzony ze œpi¹czki B.J. Blazkowicz i jego przyjaciele trafiaj¹ na teren okupowanych przez nazistów Stanów Zjednoczonych. Z uwagi na terror, jaki Niemcy (z Frau Engel na czele) siej¹ w Ameryce, protagoniœcie nie pozostaje nic innego, jak ponownie chwyciæ za broñ i stan¹æ do walki z agresorem. Na szczêœcie Blazkowicz i jego œwita nie s¹ sami – pomagaj¹ im m.in. Horton oraz Grace, czyli liderzy miejscowych ognisk ruchu oporu.;8.2;1383;Szwecja;MachineGames;strzelanka, przygodowa, akcja
22;Martha Is Dead;;24.02.2022;Akcja gry rozgrywa siê na terenie Toskanii w 1944 roku, podczas nasilenia konfliktu pomiêdzy wojskami niemieckimi a si³ami alianckimi. Wojna jest jednak tylko t³em opowieœci, poniewa¿ g³ówny w¹tek obraca siê wokó³ tajemniczego morderstwa tytu³owej Marthy, córki niemieckiego ¿o³nierza, której zbezczeszczone cia³o zostaje pewnego dnia wy³owione. Wcielamy siê w siostrê-bliŸniaczkê zamordowanej, która, zmagaj¹c siê z traum¹ po utracie bliskiej osoby, próbuje rozwik³aæ zagadkê zbrodni.;6,2;81;W³ochy;LKA;horror, thriller, gore, psychologiczna, dramat
23;Amnesia: Rebirth;Amnesia;20.10.2020;Akcja Amnesia: Rebirth rozgrywa siê na algierskiej pustyni. Nie jest to jednak fabularna kontynuacja gry Amnesia: A Machine for Pigs, lecz nowy tytu³ w tym samym uniwersum. W trzeciej ods³onie serii wcielamy siê w postaæ Tasi Trianon, która nic nie pamiêta ze swojej przesz³oœci i wyrusza w przera¿aj¹c¹, pe³n¹ niebezpieczeñstw przygodê. Aby zajrzeæ w g³¹b swojego umys³u i odpowiedzieæ na nurtuj¹ce pytania o to, kim jest i jak siê znalaz³a w samym centrum pustyni, bohaterka pokonuje liczne przeszkody, mierzy siê ze swoim strachem, przezwyciê¿a ból oraz ucieka i ukrywa siê przed tajemnicz¹ besti¹. Walczy z wewnêtrznymi s³aboœciami i próbuje przetrwaæ. ;7.3;193;Szwecja;Frictional Games;survival horror, przygodowa, logiczna
24;Alan Wake Remastered;Alan Wake;05.10.2021;G³ównym bohaterem gry jest Alan Wake, rozchwytywany autor bestsellerowych powieœci, który w poszukiwaniu inspiracji wybiera siê wraz z ¿on¹ na wakacje do malowniczego miasteczka Bright Falls, le¿¹cego w amerykañskim stanie Waszyngton. Po tajemniczym zaginiêciu ukochanej, które nast¹pi³o podczas wspólnego urlopu, autor wpl¹tuje siê w seriê nadnaturalnych wydarzeñ, które sprawiaj¹, ¿e zaczyna traciæ kontakt ze znan¹ sobie rzeczywistoœci¹. ;5.2;301;Finlandia;Remedy Entertainment;survival horror, strzelanka, przygodowa, akcja
25;The Quarry;The Dark Pictures;10.06.2022;Akcja The Quarry rozgrywa siê w tytu³owym kamienio³omie. Ostatniej nocy obozu letniego dziewiêcioro nastoletnich wychowawców urz¹dza imprezê, chc¹c uczciæ zakoñczenie wakacyjnego wyjazdu. Zabawa zmienia siê w prawdziwy koszmar, kiedy wynaturzeni, agresywni miejscowi rozpoczynaj¹ brutalne polowanie na protagonistów. Dalszy ci¹g opowieœci (a co za tym idzie – równie¿ jej fina³) jest kszta³towany przez nasze wybory. To, jakie relacje po³¹cz¹ bohaterów, w jaki sposób spróbuj¹ poradziæ sobie ze œmiertelnym niebezpieczeñstwem, a przede wszystkim to, komu uda siê prze¿yæ, zale¿y od decyzji podejmowanych przez nas w toku zabawy. ;7.4;460;Wielka Brytania;Supermassive Games;survival horror, interactive film, przygodowa, akcja
26;The Dark Pictures: Man of Medan;The Dark Pictures Anthology;30.08.2019;Historia zaczyna siê, gdy grupa czworga Amerykanów bêd¹cych fanami nurkowania udaje siê na wyprawê w celu zbadania zatopionego samolotu z okresu II wojny œwiatowej. Podczas badania wraku zaczynaj¹ dziaæ siê dziwne rzeczy, a czêstotliwoœæ i si³a tych wydarzeñ wydaj¹ siê rosn¹æ wraz z ka¿dym obiektem wydobytym spod wody. Co gorsza, bohaterom dodatkowych zmartwieñ dostarcza nadchodz¹cy sztorm oraz przybycie tajemniczego statku.;6.0;637;Wielka Brytania;Supermassive Games;survival horror, interactive film, przygodowa
27;The Dark Pictures: Little Hope;The Dark Pictures Anthology;30.10.2020;W The Dark Pictures: Little Hope œledzimy losy czwórki studentów, którzy w towarzystwie swojego wyk³adowcy trafiaj¹ do tytu³owego miasteczka. Miejsce to spowija z³owieszcza mg³a i choæ wydaje siê ono opuszczone, szybko wychodzi na jaw, ¿e opanowa³y je mroczne si³y. Protagoniœci znajduj¹ siê w potrzasku, a szukaj¹c sposobu na ucieczkê, musz¹ stawiæ czo³a przera¿aj¹cym wizjom z XVII-wiecznego polowania na czarownice oraz zmierzyæ siê z koszmarami czyhaj¹cymi na nich w ciemnoœciach. ;7.0;156;Wielka Brytania;Supermassive Games;survival horror, interactive film, przygodowa
28;The Dark Pictures: House of Ashes;The Dark Pictures Anthology;22.10.2021;The Dark Pictures: House of Ashes przenosi nas na Bliski Wschód, a dok³adnie – w rejon przywodz¹cy na myœl afgañski Hindukusz. W trakcie rozgrywki œledzimy losy amerykañskich ¿o³nierzy, którzy badaj¹c staro¿ytne podziemia, obudzili pradawne z³o.;6.5;91;Wielka Brytania;Supermassive Games;survival horror, interactive film, przygodowa, akcja, dramat
29;The Dark Pictures: The Devil in Me;The Dark Pictures Anthology;18.11.2022;Fabu³ê gry The Dark Pictures: The Devil in Me oparto na historii Hermana Webstera Mudgetta – pierwszego amerykañskiego seryjnego mordercy, znanego pod pseudonimem Dr. Henry Howard Holmes. W drugiej po³owie XIX wieku wzniós³ on ekskluzywny hotel, w którym mordowa³ swoich goœci na rozmaite sposoby. Wnêtrze gmachu przypomina³o labirynt, a œciany wielu pomieszczeñ by³y wy³o¿one p³ytami t³umi¹cymi dŸwiêk, co utrudnia³o lub wrêcz uniemo¿liwia³o ujawnienie ca³ego procederu. G³ówni bohaterowie gry to grupa twórców filmów dokumentalnych, która otrzymuje telefon z zaproszeniem do wspó³czesnej repliki „Zamku morderstw” H.H. Holmesa. Po przybyciu na miejsce, protagoniœci odkrywaj¹, ¿e budynek nie jest replik¹, lecz wiern¹ i w pe³ni funkcjonaln¹ imitacj¹. Na domiar z³ego filmowcy s¹ nieustannie obserwowani. Wszystko to sprawia, ¿e pobyt w tym miejscu staje siê dla nich prawdziw¹ walk¹ o przetrwanie, a o tym, kto wyjdzie ca³o z opresji (o ile komukolwiek to siê uda) zdecyduj¹ ju¿ nasze poczynania i dokonywane przez nas wybory.;7.1;46;Wielka Brytania;Supermassive Games;survival horror, interactive film, gore, przygodowa
30;Little Nightmares;Little Nightmares;28.04.2017;W Little Nightmares gracz wciela siê w rolê Six — dziewczynki w ¿ó³tym p³aszczyku przeciwdeszczowym, która w niewyjaœnionych okolicznoœciach trafi³a do kompleksu zwanego Paszcz¹ (The Maw). Zadaniem, jakie na ni¹ czeka, jest ucieczka z tego upiornego miejsca — osi¹gniêcie celu nie jest jednak ³atwe, gdy¿ po drodze bohaterka musi stawiæ czo³a rozmaitym niebezpieczeñstwom, inspirowanym dzieciêcymi koszmarami. ;8.0;701;Szwecja;Tarsier Studios;survival horror, platformowa, przygodowa
31;Little Nightmares II;Little Nightmares;11.02.2021;W Little Nightmares II powraca bohaterka „jedynki” – Szóstka – jednak tym razem nie jest grywaln¹ postaci¹. Pierwsze skrzypce gra ch³opiec imieniem Mono, który wraz z dziewczynk¹ musi zmierzyæ siê z groz¹ czyhaj¹c¹ w nowym miejscu, wypaczonym przez transmisjê nadawan¹ z odleg³ej, skrywaj¹cej wiele mrocznych sekretów Wie¿y Sygna³owej. Bohater udaje siê w naje¿on¹ licznymi przeszkodami i utrudnion¹ przez straszliwych mieszkañców gnij¹cego od wewn¹trz œwiata podró¿ do tajemniczej wie¿y, by odkryæ Ÿród³o z³a rozprzestrzeniaj¹cego siê poprzez ekrany telewizorów, a tak¿e uratowaæ Szóstkê od przera¿aj¹cego losu. Mono jest jej jedyn¹ nadziej¹. ;7.3;460;Szwecja;Tarsier Studios;survival horror, platformowa, przygodowa
32;Layers of Fear: Legacy;;15.06.2023;W grze wcielamy siê w postaæ malarza ¿yj¹cego w XIX wieku i pragn¹cego ukoñczyæ swoje wielkie dzie³o. Bohater boryka siê jednak z problemami psychicznymi, przez co przemierzanie jego posiad³oœci – w celu odnalezienia odpowiednich sk³adników pozwalaj¹cych stworzyæ malarskie magnum opus – szybko staje siê chaotyczn¹ i niezrozumia³¹ podró¿¹ przez umys³ artysty, podczas której poznajemy historiê protagonisty, jego rodziny, a tak¿e zg³êbiamy szczegó³y wydarzeñ maj¹cych miejsce w przesz³oœci. Opowieœæ nie jest zatem liniowa, zaœ pojêcie o jej przebiegu daje nam obserwacja zachodz¹cych na terenie domu zjawisk, lektura porozrzucanych po rezydencji notatek czy s³uchanie wspomnieñ bohatera. ;7.2;1313;Polska;Bloober Team;horror, psychologiczna, przygodowa
33;The Suicide of Rachel Foster;;19.02.2020;Akcja The Suicide of Rachel Foster ma miejsce na pocz¹tku 90. XX wieku. G³ówna bohaterka – Nicole – powraca do rodzinnego hotelu. Obiekt ten jest naznaczony ogromn¹ tragedi¹. Dziesiêæ lat wczeœniej protagonistka opuœci³a go wraz z matk¹, gdy odkry³y romans ojca z tytu³ow¹ Rachel, który zaowocowa³ ci¹¿¹ oraz samobójstwem dziewczyny. Teraz Nicole chce spe³niæ ostatni¹ proœbê matki i sprzedaæ hotel, by zadoœæuczyniæ rodzinie Rachel. Bohaterka udaje siê do obiektu wraz z prawnikiem, by dokonaæ wyceny. Niestety nag³e za³amanie pogody sprawia, ¿e kobieta utknê³a w kompleksie. Z pomoc¹ pracownika Federalnej Agencji Zarz¹dzania Kryzysowego – Irvinga – zaczyna ona odkrywaæ sekrety opuszczonego budynku. ;6.8;0;W³ochy;One O One Games;thriller, przygodowa, dramat
34;Cyberpunk 2077;;10.12.2020;Akcja Cyberpunka 2077 toczy siê w roku 2077, w fikcyjnej metropolii zwanej Night City po³o¿onej na pó³nocy kalifornijskiego wybrze¿a. Mamy tu do czynienia z dystopijnym retrofuturyzmem rodem z lat 90. XX wieku, w którym zdewastowanym œwiatem rz¹dz¹ brutalne megakorporacje, a ulice s¹ królestwem gangów i tytu³owych cyberpunków – niezale¿nych buntowników ¿yj¹cych poza systemem. Ponadto dziêki postêpowi technologicznemu ludzie powszechnie modyfikuj¹ swoje cia³a wszczepami.;7.2;14238;Polska;CD Projekt Red;akcja, sciencie fiction, strzelanka, bijatyka, przygodowa
35;Assassin's Creed: Valhalla;Assassin's Creed;10.11.2020;Po opuszczeniu pogr¹¿onej w konflikcie Norwegii i przebyciu Morza Pó³nocnego bohater i jego œwita przybijaj¹ do wybrze¿y Anglii. Niestety, w tej bogatej w zasoby krainie toczy siê krwawa walka o w³adzê, a klan Eivora przyci¹ga uwagê Alfreda Wielkiego z Wessex, który nie tylko uznaje siê za prawowitego w³adcê Anglii, lecz tak¿e potêpia pogañskich wikingów. Chc¹c uczyniæ Angliê swym nowym domem, a tak¿e zapewniæ sobie miejsce w tytu³owej Valhalli, Eivor i jego wojowie musz¹ stan¹æ do walki. Ich dalsze losy zale¿¹ od zawieranych przez nas sojuszy czy wybieranych kwestii dialogowych.;6.8;5921;Kanada;Ubisoft;akcja, przygodowa
36;WiedŸmin 3: Dziki Gon;WiedŸmin;19.05.2015;G³ówna oœ fabularna obraca siê wokó³ kilku oddzielnych w¹tków. Wœród nich znalaz³o siê poszukiwanie utraconej mi³oœci Geralta oraz inwazja Nilfgaardu na Królestwa Pó³nocy. Spróbujemy te¿ powstrzymaæ tytu³owy Dziki Gon, przeœladuj¹cy wiedŸmina zarówno w powieœciach, jak i obecny w pierwszej i w nik³ym stopniu w drugiej czêœci serii.;9.5;43308;Polska;CD Projekt Red;fabularna, przygodowa, akcja
37;Diablo II: Resurrected;;23.09.2021;Wyrusz w poœcig za tajemniczym Mrocznym Wêdrowcem i stañ do walki ze s³ugami piekie³, aby poznaæ losy demonicznych braci wchodz¹cych w sk³ad Mrocznej Trójcy: Diablo, Mefista i Baala.;7.4;1116;USA;Blizzard Entertainment;hack and slash
38;Counter-Strike: Global Offensive;Counter-Strike;21.08.2012;Zale¿nie od wybranego wariantu zabawy celem mo¿e byæ np. ucieczka, odbicie zak³adników, umiejscowienie b¹dŸ zdezaktywowanie ³adunku wybuchowego. Starcia toczone s¹ w rundach, a wygrywa zespó³, który jako pierwszy zdo³a osi¹gn¹æ wyznaczone zadania lub wyeliminuje wszystkich cz³onków wrogiej dru¿yny. Co istotne gracze zazwyczaj rozpoczynaj¹ grê posiadaj¹c jedynie podstawowe uzbrojenie (pistolet, dwa magazynki i nó¿) oraz kwot¹ 800 wirtualnych dolarów na zakup ekwipunku.;7.6;7991;USA;Valve Corporation;akcja, strzelanka
39;The Elder Scrolls V: Skyrim;The Elder Scrolls;11.11.2011;Ze wzglêdu na brak prawowitego dziedzica tronu, Ostrza – sekretna grupa wojowników i mêdrców chroni¹ca cesarzy reprezentuj¹cych Smocze Dzieciêta – rozpadli siê, zaœ ochron¹ cesarza zajê³a siê elitarna grupa Penitus Oculatus. Po zamordowaniu Najwy¿szego Króla w prowincji Skyrim, krainie Nordów, rozpoczê³a siê wojna domowa. Gromow³adni, zjednoczeni pod sztandarem Ulfrica Gromow³adnego – rebelianta, jarla Wichrowego Tronu, królobójcy i pretendenta do tronu – opowiadaj¹ siê za suwerennoœci¹ Skyrim, cesarscy z kolei za nieod³¹czaniem siê od Cesarstwa.;9.2;42585;USA;Bethesda Game Studios;fabularna
40;God of War;God of War;20.04.2018;Po wype³nionych gniewem i szaleñstwem greckich przygodach, które zwieñczy³a destrukcja Olimpu i œmieræ wielu helleñskich bogów oraz herosów, protagonista ucieka na dalek¹ Pó³noc, szukaj¹c wytchnienia. Na miejscu znajduje now¹ mi³oœæ i zak³ada rodzinê. Po œmierci ¿ony zostaje sam z m³odym synem o imieniu Atreus. Niestety, spokój nie trwa zbyt d³ugo, o czym Kratos przekonuje siê, kiedy wyrusza ze swoj¹ latoroœl¹ rozsypaæ prochy zmar³ej kobiety. Droga do celu usiana jest ró¿nymi trudnoœciami, a na nieproszonych goœci czeka armia bestii znanych z mitologii nordyckiej.;9.0;4233;USA;Santa Monica Studio;przygodowa, hack and slash, fabularna
41;Grand Theft Auto: San Andreas;Grand Theft Auto;25.10.2004;Gracz ma okazjê wcieliæ siê w drobnego rzezimieszka, a nastêpnie tworz¹c w³asny, kryminalny ¿yciorys samemu stan¹æ na czele mafii. Tym razem, przychodzi nam wcieliæ siê w niejakiego Carla Johnsona, który przed kilku laty uciek³ z rodzinnego miasta w poszukiwaniu lepszego jutra. Po piêciu latach Carl wraca do Los Santos, w którym zastaje gangsterski œwiat morderstw, narkotyków i korupcji.;8.9;61266;USA;Rockstar North;akcja, strzelanka, przygodowa
42;Dying Light;Dying Light;27.01.2015;Wcielamy siê w niejakiego Kyle’a Crane’a, trafiaj¹c do miasta Harran, wzorowanego na Rio de Janeiro, pe³nym charakterystycznych faweli. Ludnoœæ metropolii zosta³a zainfekowana tajemniczym wirusem, który b³yskawicznie zmieni³ wszystkich w zombie. Gdy jest jasno, swobodnie eksplorujemy otoczenie, poszukujemy surowców i broni, a gdy nastaje noc, desperacko bronimy siê przed agresywn¹ hord¹.;7.9;7345;Polska;Techland;survival horror, akcja, fabularna, przygodowa
43;Divinity: Original Sin II - Definitive Edition ;Divinity;14.09.2017;Osadzone w realiach fantasy klasyczne RPG z widokiem w rzucie izometrycznym, turow¹ walk¹ i du¿ymi obszarami do eksploracji. Na graczy czeka kilka wariantów rozgrywki: tradycyjna kampania fabularna, arenowe starcia PvP oraz sandboksowy tryb mistrza gry (tylko na PC).;8.6;2610;Belgia;Larian Studios;przygodowa, akcja, strategiczna
44;Divinity: Original Sin - Enhanced Edition;Divinity;27.10.2015;Akcja gry toczy siê przed wydarzeniami ukazanymi w Divine Divinity, dziêki czemu gracze dok³adniej zg³êbi¹ mitologiê cyklu, a przy okazji ponownie spotkaj¹ wielu starych znajomych - miêdzy innymi uwielbianego przez fanów maga Arhu przed jego przemian¹ w kota czy chocia¿by ekscentrycznego Zandalora. Original Sin przy okazji przygotowuje równie¿ grunt pod trzeci¹ (pod wzglêdem numeracji) czêœæ serii, dopowiadaj¹c niewyjaœnione dot¹d w¹tki z poprzednich ods³on. W grze wcielamy siê w dwoje m³odych £owców ród³a, którzy nie tylko musz¹ rozwik³aæ zagadkê tajemniczej œmierci w jednym z miast Rivellonu, ale tak¿e zg³êbiæ arkana zakazanej magii i przeciwdzia³aæ jej skutkom. Oboje szybko odkrywaj¹, ¿e ³¹czy ich swego rodzaju niewyjaœniona wiêŸ, która sprawia, ¿e w parze s¹ wyj¹tkowi i stworzeni do czegoœ wiêkszego.;8.4;714;Belgia;Larian Studios;fabularna, przygodowa, akcja, strategiczna
45;Baldur's Gate 3;Baldur’s Gate;03.08.2023;Akcja gry Baldur's Gate 3 toczy siê oko³o stu lat po wydarzeniach przedstawionych w Tronie Bhaala, czyli dodatku do gry Baldur's Gate II: Cienie Amn. Zawi¹zanie akcji nastêpuje w momencie, w którym nad tytu³owym miastem – Wrotami Baldura – pojawia siê Nautiloid, statek Illithidów (£upie¿ców Umys³u). Nim tajemniczym jeŸdŸcom na smokach udaje siê przegoniæ agresorów, ci obracaj¹ w ruinê czêœæ miasta i porywaj¹ na pok³ad swojego statku wielu mieszkañców, by poddaæ ich straszliwemu procesowi zwanemu ceramorfoz¹. Polega on na tym, ¿e mózg nosiciela zostaje zainfekowany kijank¹ £upie¿cy Umys³u, który stopniowo go wy¿era, a w konsekwencji w pe³ni go zastêpuje, transformuj¹c ofiarê w Illithida. ;8.8;978;Belgia;Larian Studios;fabularna, przygodowa, strategiczna, RPG
46;Hellblade: Senua's Sacrifice;;08.08.2017;G³ówn¹ bohaterk¹ Hellblade: Senua’s Sacrifice jest tytu³owa Senua – celtycka wojowniczka, która udaje siê w niebezpieczn¹ podró¿ do wikiñskiego piek³a, by stoczyæ walkê o duszê swojego zmar³ego ukochanego. W toku przygody kobieta musi stawiæ czo³a fantastycznym, przera¿aj¹cym istotom zamieszkuj¹cym tê upiorn¹ krainê oraz w³asnym s³aboœciom – nastêpstwem tych ostatnich s¹ doœwiadczane przez ni¹ wizje i halucynacje. ;8.0;1967;Wielka Brytania;Ninja Theory;przygodowa, akcja, dramat, logiczna
